# from https://eel.is/c++draft/full, revision c7015b485cc3db8efaa9dfb9ff0809c5394a4ed1 of github.com/Eelis/draft; generated by draft_tables.py
__cpp_lib_adaptor_iterator_pair_constructor	202106L	-	stack queue
__cpp_lib_addressof_constexpr	201603L	fs	memory
__cpp_lib_algorithm_default_value_type	202603L	-	algorithm ranges string deque list forward_list vector memory
__cpp_lib_algorithm_iterator_requirements	202207L	-	algorithm numeric memory
__cpp_lib_aligned_accessor	202411L	fs	mdspan
__cpp_lib_allocate_at_least	202302L	-	memory
__cpp_lib_allocator_traits_is_always_equal	201411L	fs	memory scoped_allocator string deque forward_list list vector map set unordered_map unordered_set
__cpp_lib_any	201606L	-	any
__cpp_lib_apply	202603L	fs	tuple type_traits meta
__cpp_lib_array_constexpr	201811L	fs	iterator array
__cpp_lib_as_const	201510L	fs	utility
__cpp_lib_associative_heterogeneous_erasure	202110L	-	map set unordered_map unordered_set
__cpp_lib_associative_heterogeneous_insertion	202306L	-	map set unordered_map unordered_set
__cpp_lib_assume_aligned	201811L	fs	memory
__cpp_lib_atomic_flag_test	201907L	fs	atomic
__cpp_lib_atomic_float	201711L	fs	atomic
__cpp_lib_atomic_is_always_lock_free	201603L	fs	atomic
__cpp_lib_atomic_lock_free_type_aliases	201907L	-	atomic
__cpp_lib_atomic_min_max	202506L	fs	atomic
__cpp_lib_atomic_reductions	202506L	fs	atomic
__cpp_lib_atomic_ref	202603L	fs	atomic
__cpp_lib_atomic_shared_ptr	201711L	-	memory
__cpp_lib_atomic_value_initialization	201911L	fs	atomic memory
__cpp_lib_atomic_wait	201907L	fs	atomic
__cpp_lib_barrier	202302L	-	barrier
__cpp_lib_bind_back	202306L	fs	functional
__cpp_lib_bind_front	202306L	fs	functional
__cpp_lib_bit_cast	201806L	fs	bit
__cpp_lib_bitops	202607L	fs	bit
__cpp_lib_bitset	202306L	-	bitset
__cpp_lib_bool_constant	201505L	fs	type_traits
__cpp_lib_bounded_array_traits	201902L	fs	type_traits
__cpp_lib_boyer_moore_searcher	201603L	-	functional
__cpp_lib_byte	201603L	fs	cstddef
__cpp_lib_byteswap	202110L	fs	bit
__cpp_lib_char8_t	201907L	fs	atomic filesystem iosfwd istream limits locale ostream string string_view
__cpp_lib_chrono	202306L	-	chrono
__cpp_lib_chrono_udls	201304L	-	chrono
__cpp_lib_clamp	201603L	fs	algorithm
__cpp_lib_common_reference	202302L	fs	type_traits
__cpp_lib_common_reference_wrapper	202302L	fs	functional
__cpp_lib_complex_udls	201309L	-	complex
__cpp_lib_concepts	202207L	fs	concepts compare
__cpp_lib_constant_wrapper	202606L	fs	utility
__cpp_lib_constexpr_algorithms	202306L	-	algorithm utility
__cpp_lib_constexpr_atomic	202411L	-	atomic
__cpp_lib_constexpr_bitset	202207L	-	bitset
__cpp_lib_constexpr_charconv	202207L	fs	charconv
__cpp_lib_constexpr_cmath	202306L	-	cmath cstdlib
__cpp_lib_constexpr_complex	202306L	-	complex
__cpp_lib_constexpr_deque	202502L	-	deque
__cpp_lib_constexpr_dynamic_alloc	201907L	-	memory
__cpp_lib_constexpr_exceptions	202502L	-	exception stdexcept expected optional variant format
__cpp_lib_constexpr_flat_map	202502L	-	flat_map
__cpp_lib_constexpr_flat_set	202502L	-	flat_set
__cpp_lib_constexpr_format	202511L	-	format
__cpp_lib_constexpr_forward_list	202502L	-	forward_list
__cpp_lib_constexpr_functional	201907L	fs	functional
__cpp_lib_constexpr_inplace_vector	202502L	-	inplace_vector
__cpp_lib_constexpr_iterator	201811L	fs	iterator
__cpp_lib_constexpr_list	202502L	-	list
__cpp_lib_constexpr_map	202502L	-	map
__cpp_lib_constexpr_memory	202506L	fs	memory
__cpp_lib_constexpr_new	202406L	fs	new
__cpp_lib_constexpr_numeric	201911L	fs	numeric
__cpp_lib_constexpr_queue	202502L	-	queue
__cpp_lib_constexpr_set	202502L	-	set
__cpp_lib_constexpr_stack	202502L	-	stack
__cpp_lib_constexpr_string	202511L	-	string
__cpp_lib_constexpr_string_view	201811L	-	string_view
__cpp_lib_constexpr_tuple	201811L	fs	tuple
__cpp_lib_constexpr_typeinfo	202106L	fs	typeinfo
__cpp_lib_constexpr_unordered_map	202502L	-	unordered_map
__cpp_lib_constexpr_unordered_set	202502L	-	unordered_set
__cpp_lib_constexpr_utility	201811L	fs	utility
__cpp_lib_constexpr_vector	201907L	-	vector
__cpp_lib_constrained_equality	202411L	fs	utility tuple optional variant expected
__cpp_lib_containers_ranges	202202L	-	vector list forward_list map set unordered_map unordered_set deque queue stack string
__cpp_lib_contracts	202502L	fs	contracts
__cpp_lib_copyable_function	202306L	-	functional
__cpp_lib_coroutine	201902L	fs	coroutine
__cpp_lib_counting_scope	202506L	-	execution
__cpp_lib_debugging	202403L	fs	debugging
__cpp_lib_define_static	202506L	fs	meta
__cpp_lib_destroying_delete	201806L	fs	new
__cpp_lib_enable_shared_from_this	201603L	-	memory
__cpp_lib_endian	201907L	fs	bit
__cpp_lib_erase_if	202002L	-	string deque forward_list list vector map set unordered_map unordered_set
__cpp_lib_exception_ptr_cast	202603L	-	exception
__cpp_lib_exchange_function	201304L	fs	utility
__cpp_lib_execution	201902L	-	execution
__cpp_lib_expected	202606L	-	expected
__cpp_lib_filesystem	201703L	-	filesystem
__cpp_lib_flat_map	202511L	-	flat_map
__cpp_lib_flat_set	202511L	-	flat_set
__cpp_lib_format	202603L	-	format
__cpp_lib_format_path	202506L	-	filesystem
__cpp_lib_format_ranges	202207L	-	format
__cpp_lib_format_uchar	202311L	-	format
__cpp_lib_formatters	202302L	-	stacktrace thread
__cpp_lib_forward_like	202207L	fs	utility
__cpp_lib_freestanding_algorithm	202502L	fs	algorithm
__cpp_lib_freestanding_array	202311L	fs	array
__cpp_lib_freestanding_char_traits	202306L	fs	string
__cpp_lib_freestanding_charconv	202306L	fs	charconv
__cpp_lib_freestanding_cstdlib	202306L	fs	cstdlib cmath
__cpp_lib_freestanding_cstring	202311L	fs	cstring
__cpp_lib_freestanding_cwchar	202306L	fs	cwchar
__cpp_lib_freestanding_errc	202306L	fs	cerrno system_error
__cpp_lib_freestanding_execution	202502L	fs	execution
__cpp_lib_freestanding_expected	202311L	fs	expected
__cpp_lib_freestanding_feature_test_macros	202306L	fs	
__cpp_lib_freestanding_functional	202306L	fs	functional
__cpp_lib_freestanding_iterator	202306L	fs	iterator
__cpp_lib_freestanding_mdspan	202311L	fs	mdspan
__cpp_lib_freestanding_memory	202502L	fs	memory
__cpp_lib_freestanding_numeric	202502L	fs	numeric
__cpp_lib_freestanding_operator_new	see below	fs	new
__cpp_lib_freestanding_optional	202506L	fs	optional
__cpp_lib_freestanding_random	202502L	fs	random
__cpp_lib_freestanding_ranges	202306L	fs	ranges
__cpp_lib_freestanding_ratio	202306L	fs	ratio
__cpp_lib_freestanding_string_view	202311L	fs	string_view
__cpp_lib_freestanding_tuple	202306L	fs	tuple
__cpp_lib_freestanding_utility	202306L	fs	utility
__cpp_lib_freestanding_variant	202311L	fs	variant
__cpp_lib_fstream_native_handle	202306L	-	fstream
__cpp_lib_function_ref	202604L	fs	functional
__cpp_lib_gcd_lcm	201606L	fs	numeric
__cpp_lib_generator	202207L	-	generator
__cpp_lib_generic_associative_lookup	201304L	-	map set
__cpp_lib_generic_unordered_lookup	201811L	-	unordered_map unordered_set
__cpp_lib_hardware_interference_size	201703L	fs	new
__cpp_lib_has_unique_object_representations	201606L	fs	type_traits
__cpp_lib_hazard_pointer	202606L	-	hazard_pointer
__cpp_lib_hive	202502L	-	hive
__cpp_lib_hypot	201603L	-	cmath
__cpp_lib_incomplete_container_elements	201505L	-	forward_list list vector
__cpp_lib_indirect	202502L	-	memory
__cpp_lib_initializer_list	202511L	fs	initializer_list
__cpp_lib_inplace_vector	202603L	-	inplace_vector
__cpp_lib_int_pow2	202002L	fs	bit
__cpp_lib_integer_comparison_functions	202002L	fs	utility
__cpp_lib_integer_sequence	202511L	fs	utility
__cpp_lib_integral_constant_callable	201304L	fs	type_traits
__cpp_lib_interpolate	201902L	-	cmath numeric
__cpp_lib_invoke	201411L	fs	functional
__cpp_lib_invoke_r	202106L	fs	functional
__cpp_lib_ios_noreplace	202207L	-	ios
__cpp_lib_is_aggregate	201703L	fs	type_traits
__cpp_lib_is_constant_evaluated	201811L	fs	type_traits
__cpp_lib_is_final	201402L	fs	type_traits
__cpp_lib_is_implicit_lifetime	202302L	fs	type_traits
__cpp_lib_is_invocable	201703L	fs	type_traits
__cpp_lib_is_layout_compatible	201907L	fs	type_traits
__cpp_lib_is_nothrow_convertible	201806L	fs	type_traits
__cpp_lib_is_null_pointer	201309L	fs	type_traits
__cpp_lib_is_pointer_interconvertible	201907L	fs	type_traits
__cpp_lib_is_scoped_enum	202011L	fs	type_traits
__cpp_lib_is_structural	202603L	fs	meta type_traits
__cpp_lib_is_sufficiently_aligned	202411L	fs	memory
__cpp_lib_is_swappable	201603L	fs	type_traits
__cpp_lib_is_virtual_base_of	202406L	fs	type_traits
__cpp_lib_is_within_lifetime	202603L	fs	type_traits
__cpp_lib_jthread	201911L	-	stop_token thread
__cpp_lib_latch	201907L	-	latch
__cpp_lib_launder	201606L	fs	new
__cpp_lib_linalg	202511L	-	linalg
__cpp_lib_list_remove_return_type	201806L	-	forward_list list
__cpp_lib_logical_traits	201510L	fs	type_traits
__cpp_lib_make_from_tuple	201606L	fs	tuple
__cpp_lib_make_reverse_iterator	201402L	fs	iterator
__cpp_lib_make_unique	201304L	-	memory
__cpp_lib_map_lookup	202606L	-	map unordered_map flat_map
__cpp_lib_map_try_emplace	201411L	-	map
__cpp_lib_math_constants	201907L	-	numbers
__cpp_lib_math_special_functions	201603L	-	cmath
__cpp_lib_mdspan	202406L	fs	mdspan
__cpp_lib_mdspan_copy	202606L	-	mdspan
__cpp_lib_memory_resource	201603L	-	memory_resource
__cpp_lib_modules	202207L	fs	
__cpp_lib_move_iterator_concept	202207L	fs	iterator
__cpp_lib_move_only_function	202110L	-	functional
__cpp_lib_node_extract	201606L	-	map set unordered_map unordered_set
__cpp_lib_nonmember_container_access	201411L	fs	array deque forward_list iterator list map regex set string unordered_map unordered_set vector
__cpp_lib_not_fn	202306L	fs	functional
__cpp_lib_null_iterators	201304L	fs	iterator
__cpp_lib_observable_checkpoint	202506L	fs	utility
__cpp_lib_optional	202506L	-	optional
__cpp_lib_optional_range_support	202406L	fs	optional
__cpp_lib_out_ptr	202311L	fs	memory
__cpp_lib_parallel_algorithm	202506L	-	algorithm numeric memory
__cpp_lib_parallel_scheduler	202506L	-	execution
__cpp_lib_philox_engine	202406L	-	random
__cpp_lib_pointer_tag_pair	202606L	fs	memory
__cpp_lib_polymorphic	202502L	-	memory
__cpp_lib_polymorphic_allocator	201902L	-	memory_resource
__cpp_lib_print	202406L	-	print ostream
__cpp_lib_quoted_string_io	201304L	-	iomanip
__cpp_lib_ranges	202406L	-	algorithm functional iterator memory ranges
__cpp_lib_ranges_as_const	202311L	fs	ranges
__cpp_lib_ranges_as_input	202502L	fs	ranges
__cpp_lib_ranges_as_rvalue	202207L	fs	ranges
__cpp_lib_ranges_cache_latest	202411L	fs	ranges
__cpp_lib_ranges_cartesian_product	202207L	fs	ranges
__cpp_lib_ranges_chunk	202202L	fs	ranges
__cpp_lib_ranges_chunk_by	202202L	fs	ranges
__cpp_lib_ranges_concat	202403L	fs	ranges
__cpp_lib_ranges_contains	202207L	fs	algorithm
__cpp_lib_ranges_enumerate	202302L	fs	ranges
__cpp_lib_ranges_filter	202603L	fs	ranges
__cpp_lib_ranges_find_last	202207L	fs	algorithm
__cpp_lib_ranges_fold	202207L	fs	algorithm
__cpp_lib_ranges_generate_random	202403L	-	random
__cpp_lib_ranges_indices	202506L	-	ranges
__cpp_lib_ranges_iota	202202L	fs	numeric
__cpp_lib_ranges_join_with	202202L	fs	ranges
__cpp_lib_ranges_repeat	202207L	fs	ranges
__cpp_lib_ranges_reserve_hint	202502L	-	ranges
__cpp_lib_ranges_slide	202202L	fs	ranges
__cpp_lib_ranges_starts_ends_with	202106L	fs	algorithm
__cpp_lib_ranges_stride	202207L	fs	ranges
__cpp_lib_ranges_to_container	202202L	fs	ranges
__cpp_lib_ranges_zip	202110L	fs	ranges tuple utility
__cpp_lib_ratio	202306L	fs	ratio
__cpp_lib_raw_memory_algorithms	202411L	-	memory
__cpp_lib_rcu	202306L	-	rcu
__cpp_lib_reference_from_temporary	202202L	fs	type_traits
__cpp_lib_reference_wrapper	202403L	fs	functional
__cpp_lib_reflection	202603L	-	meta
__cpp_lib_remove_cvref	201711L	fs	type_traits
__cpp_lib_replaceable_contract_violation_handler	see below	fs	contracts
__cpp_lib_result_of_sfinae	201210L	fs	functional type_traits
__cpp_lib_robust_nonmodifying_seq_ops	201304L	fs	algorithm
__cpp_lib_sample	201603L	fs	algorithm
__cpp_lib_saturation_arithmetic	202603L	fs	numeric
__cpp_lib_scoped_lock	201703L	-	mutex
__cpp_lib_semaphore	201907L	-	semaphore
__cpp_lib_senders	202506L	-	execution
__cpp_lib_shared_mutex	201505L	-	shared_mutex
__cpp_lib_shared_ptr_arrays	201707L	-	memory
__cpp_lib_shared_ptr_weak_type	201606L	-	memory
__cpp_lib_shared_timed_mutex	201402L	-	shared_mutex
__cpp_lib_shift	202202L	-	algorithm
__cpp_lib_simd	202606L	-	simd
__cpp_lib_simd_bitops	202607L	-	simd
__cpp_lib_simd_complex	202502L	-	simd
__cpp_lib_simd_permutations	202506L	-	simd
__cpp_lib_smart_ptr_for_overwrite	202002L	-	memory
__cpp_lib_smart_ptr_owner_equality	202306L	-	memory
__cpp_lib_source_location	201907L	fs	source_location
__cpp_lib_span	202311L	fs	span
__cpp_lib_spanstream	202106L	-	iosfwd spanstream
__cpp_lib_ssize	201902L	fs	iterator
__cpp_lib_sstream_from_string_view	202306L	-	sstream
__cpp_lib_stacktrace	202011L	-	stacktrace
__cpp_lib_start_lifetime	202603L	fs	memory
__cpp_lib_start_lifetime_as	202207L	fs	memory
__cpp_lib_starts_ends_with	201711L	-	string string_view
__cpp_lib_stdatomic_h	202011L	-	stdatomic.h
__cpp_lib_stdbit_h	202603L	-	stdbit.h
__cpp_lib_stdckdint_h	202603L	-	stdckdint.h
__cpp_lib_string_contains	202011L	-	string string_view
__cpp_lib_string_resize_and_overwrite	202110L	-	string
__cpp_lib_string_subview	202506L	-	string string_view
__cpp_lib_string_udls	201304L	-	string
__cpp_lib_string_view	202403L	-	string string_view
__cpp_lib_submdspan	202603L	fs	mdspan
__cpp_lib_syncbuf	201803L	-	iosfwd syncstream
__cpp_lib_task	202506L	-	execution
__cpp_lib_text_encoding	202306L	-	text_encoding
__cpp_lib_thread_attributes	202606L	-	thread
__cpp_lib_three_way_comparison	201907L	fs	compare
__cpp_lib_to_address	201711L	fs	memory
__cpp_lib_to_array	201907L	fs	array
__cpp_lib_to_chars	202606L	-	charconv
__cpp_lib_to_string	202306L	-	string
__cpp_lib_to_underlying	202102L	fs	utility
__cpp_lib_transformation_trait_aliases	201304L	fs	type_traits
__cpp_lib_transparent_operators	201510L	fs	memory functional
__cpp_lib_tuple_element_t	201402L	fs	tuple
__cpp_lib_tuple_like	202311L	-	utility tuple map unordered_map
__cpp_lib_tuples_by_type	201304L	fs	utility tuple
__cpp_lib_type_identity	201806L	fs	type_traits
__cpp_lib_type_order	202506L	-	compare
__cpp_lib_type_trait_variable_templates	201510L	fs	type_traits
__cpp_lib_uncaught_exceptions	201411L	fs	exception
__cpp_lib_unordered_map_try_emplace	201411L	-	unordered_map
__cpp_lib_unreachable	202202L	fs	utility
__cpp_lib_unwrap_ref	201811L	fs	type_traits
__cpp_lib_valarray	202511L	-	valarray
__cpp_lib_variant	202306L	-	variant
__cpp_lib_view_interface	202606L	-	ranges
__cpp_lib_void_t	201411L	fs	type_traits
__cpp_lib_hardened_array	202502L	hardened	array
__cpp_lib_hardened_basic_stacktrace	202506L	hardened	stacktrace
__cpp_lib_hardened_basic_string	202502L	hardened	string
__cpp_lib_hardened_basic_string_view	202502L	hardened	string_view
__cpp_lib_hardened_bitset	202502L	hardened	bitset
__cpp_lib_hardened_common_iterator	202506L	hardened	iterator
__cpp_lib_hardened_counted_iterator	202506L	hardened	iterator
__cpp_lib_hardened_deque	202502L	hardened	deque
__cpp_lib_hardened_expected	202502L	hardened	expected
__cpp_lib_hardened_forward_list	202502L	hardened	forward_list
__cpp_lib_hardened_inplace_vector	202502L	hardened	inplace_vector
__cpp_lib_hardened_list	202502L	hardened	list
__cpp_lib_hardened_mdspan	202502L	hardened	mdspan
__cpp_lib_hardened_optional	202502L	hardened	optional
__cpp_lib_hardened_shared_ptr_array	202506L	hardened	memory
__cpp_lib_hardened_span	202502L	hardened	span
__cpp_lib_hardened_valarray	202502L	hardened	valarray
__cpp_lib_hardened_vector	202502L	hardened	vector
__cpp_lib_hardened_view_interface	202506L	hardened	ranges
