# The gaps the part 2 audit found (docs/SPEC_COVERAGE.md, "Gap list"), one per line:
# table row (subclause of the probes)	class (1-7)	status (fixed, open, documented)	draft reference	what
version.syn	4	fixed	[version.syn]/2	__cpp_lib_view_interface (202606L) not defined in <ranges> and <version>
version.syn	4	fixed	[version.syn]/2	__cpp_lib_hardened_common_iterator (202506L) not defined by the hardened build
version.syn	4	fixed	[version.syn]/2	__cpp_lib_hardened_counted_iterator (202506L) not defined by the hardened build
version.syn	4	fixed	[version.syn]/2	__cpp_lib_hardened_view_interface (202506L) not defined by the hardened build
common.iterator	3	fixed	[common.iter.const]/3	converting constructor: valueless operand not checked
common.iterator	3	fixed	[common.iter.const]/5	converting assignment: valueless operand not checked
common.iterator	3	fixed	[common.iter.cmp]/1,3	operator==: valueless operands not checked
common.iterator	3	fixed	[common.iter.cmp]/5	operator-: valueless operands not checked
common.iterator	3	fixed	[common.iter.cust]/1	iter_move: holds_alternative<I> not checked
common.iterator	3	fixed	[common.iter.cust]/3	iter_swap: holds_alternative<I>, holds_alternative<I2> not checked
counted.iterator	3	fixed	[counted.iter.elem]/1	operator*: length > 0 not checked
counted.iterator	3	fixed	[counted.iter.elem]/4	operator[]: n < length not checked
counted.iterator	3	fixed	[counted.iter.nav]/1,3	operator++ (both forms): length > 0 not checked
counted.iterator	3	fixed	[counted.iter.nav]/8	operator+=: n <= length not checked
counted.iterator	3	fixed	[counted.iter.nav]/15	operator-=: -n <= length not checked
counted.iterator	3	fixed	[counted.iter.cust]/1	iter_move: i.length > 0 not checked
counted.iterator	3	fixed	[counted.iter.cust]/3	iter_swap: x.length > 0 and y.length > 0 not checked
algorithm.syn	5	documented	[algorithms.parallel.exec]	the std:: and ranges:: ExecutionPolicy overloads run sequentially (STATUS, <algorithm>/<numeric>/<execution>); nothing observable is required
algorithm.syn	3	documented	[alg.random.shuffle], [alg.random.sample]	shuffle and sample assume a generator's results fit in 64 bits (STATUS, known limitations)
algorithm.syn	7	documented	[set.difference]/4.3.1	"the number of skipped elements" of the second range is not a position: skipped elements need not be a prefix (STATUS, known limitations)
mdspan.sub.map.result	7	documented	[mdspan.sub.map.common]/6	the layout_stride result's strides need not meet [mdspan.layout.stride.cons]/4.3 although the layout is unique (STATUS, known limitations)
char.traits.specializations.char16.t	7	documented	[char.traits.require], [char.traits.specializations.char16.t]	eof() must differ from every char16_t value; none exists (STATUS, known limitations; own test char_traits/eof fails by design)
